fan_eff_mod,fan_flow_mod,LPC_eff_mod,LPC_flow_mod,HPC_eff_mod,HPC_flow_mod,HPT_eff_mod,HPT_flow_mod,LPT_eff_mod,LPT_flow_mod
0.0,0.0,0.0,0.0,0.0,0.0,-0.0006285717621740553,0.0,-1.934291778964061e-05,-1.8678582437597338e-05
0.0,0.0,0.0,0.0,0.0,0.0,-0.0006326624439440378,0.0,-1.0524012287992275e-05,-1.0745943086799131e-05
0.0,0.0,0.0,0.0,0.0,0.0,-0.0006403440205054265,0.0,-4.066772787345669e-06,-4.924297598285108e-06
0.0,0.0,0.0,0.0,0.0,0.0,-0.000650926302556178,0.0,4.823697019459231e-07,-8.086233929517714e-07
0.0,0.0,0.0,0.0,0.0,0.0,-0.0006638495211469917,0.0,3.5440131611298113e-06,1.9771112752949797e-06
0.0,0.0,0.0,0.0,0.0,0.0,-0.0006787090673267882,0.0,5.484222580079412e-06,3.760666331831513e-06
0.0,0.0,0.0,0.0,0.0,0.0,-0.0006952713500170803,0.0,6.595747939356581e-06,4.8047061988357e-06
0.0,0.0,0.0,0.0,0.0,0.0,-0.0007134799984951892,0.0,7.082991850415653e-06,5.293301804485447e-06
0.0,0.0,0.0,0.0,0.0,0.0,-0.0007334521750924955,0.0,7.051509878069559e-06,5.322461376601516e-06
0.0,0.0,0.0,0.0,0.0,0.0,-0.0007554653145293213,0.0,6.502593755216245e-06,4.895186393785592e-06
0.0,0.0,0.0,0.0,0.0,0.0,-0.0007799351341140357,0.0,5.333222221454289e-06,3.921312877884454e-06
0.0,0.0,0.0,0.0,0.0,0.0,-0.0008073862309965112,0.0,3.3413817662729123e-06,2.222146503455709e-06
0.0,0.0,0.0,0.0,0.0,0.0,-0.000838416970037966,0.0,2.3647697984931042e-07,-4.603522200071538e-07
0.0,0.0,0.0,0.0,0.0,0.0,-0.0008736606459798847,0.0,-4.345715635693933e-06,-4.450314127694586e-06
0.0,0.0,0.0,0.0,0.0,0.0,-0.0009137450613845455,0.0,-1.0824329948640014e-05,-1.0121329481721291e-05
0.0,0.0,0.0,0.0,0.0,0.0,-0.0009592526906900224,0.0,-1.9651895572498626e-05,-1.7877296900131127e-05
0.0,0.0,0.0,0.0,0.0,0.0,-0.00089705721397747,0.0,-1.9900536890031344e-05,-2.217423438931527e-05
0.0,0.0,0.0,0.0,0.0,0.0,-0.0008924231359780897,0.0,-9.41103510606299e-06,-1.126075369379349e-05
0.0,0.0,0.0,0.0,0.0,0.0,-0.0008975972275944658,0.0,-1.8978565472294647e-06,-3.163536374120937e-06
0.0,0.0,0.0,0.0,0.0,0.0,-0.0009119376802400377,0.0,3.0590597833184043e-06,2.4588197826151594e-06
0.0,0.0,0.0,0.0,0.0,0.0,-0.0009346886702486564,0.0,5.890075111034078e-06,5.9640799814997345e-06
0.0,0.0,0.0,0.0,0.0,0.0,-0.0009650199020146224,0.0,7.021012979744083e-06,7.714229436094934e-06
0.0,0.0,0.0,0.0,0.0,0.0,-0.0010020703296441916,0.0,6.859613018977279e-06,8.064122528604351e-06
0.0,0.0,0.0,0.0,0.0,0.0,-0.0010449940183148883,0.0,5.783827599872837e-06,7.351374613421939e-06
0.0,0.0,0.0,0.0,0.0,0.0,-0.001093005833745309,0.0,4.1323842274831706e-06,5.887855221763409e-06
0.0,0.0,0.0,0.0,0.0,0.0,-0.0011454244864671712,0.0,2.1978875210757354e-06,3.953032862861203e-06
0.0,0.0,0.0,0.0,0.0,0.0,-0.0012017104309612523,0.0,2.2257577963862019e-07,1.7893040724402745e-06
0.0,0.0,0.0,0.0,0.0,0.0,-0.001261496246519014,0.0,-1.6033102531040015e-06,-4.0067889681919683e-07
0.0,0.0,0.0,0.0,0.0,0.0,-0.0013246074173496464,0.0,-3.1407337430509105e-06,-2.4547782643477567e-06
0.0,0.0,0.0,0.0,0.0,0.0,-0.0013910718844065504,0.0,-4.2989532992997615e-06,-4.250431683696949e-06
0.0,0.0,0.0,0.0,0.0,0.0,-0.0014611173494488315,0.0,-5.030902568144624e-06,-5.702272886701307e-06
0.0,0.0,0.0,0.0,0.0,0.0,-0.0015351560491280226,0.0,-5.327318562918081e-06,-6.758632579979005e-06
0.0,0.0,0.0,0.0,0.0,0.0,-0.001613757546743953,0.0,-5.210100063169623e-06,-7.397265538561975e-06
0.0,0.0,0.0,0.0,0.0,0.0,-0.0016976109631994284,0.0,-4.7253619380439e-06,-7.620649138980048e-06
0.0,0.0,0.0,0.0,0.0,0.0,-0.0017874789281869948,0.0,-3.936603580626625e-06,-7.451174031196904e-06
0.0,0.0,0.0,0.0,0.0,0.0,-0.0018841463127031754,0.0,-2.9183362523917903e-06,-6.926503244863514e-06
0.0,0.0,0.0,0.0,0.0,0.0,-0.001988367437172272,0.0,-1.750423378620589e-06,-6.095317056823302e-06
0.0,0.0,0.0,0.0,0.0,0.0,-0.0021008158711226885,0.0,-5.132891269968125e-07,-5.013593505877366e-06
0.0,0.0,0.0,0.0,0.0,0.0,-0.0022220410943013464,0.0,7.159464577130743e-07,-3.741504843786164e-06
0.0,0.0,0.0,0.0,0.0,0.0,-0.002352436133381662,0.0,1.8664340160402283e-06,-2.3409444409848174e-06
0.0,0.0,0.0,0.0,0.0,0.0,-0.0024922198006483457,0.0,2.8757600240706446e-06,-8.736418657773019e-07
0.0,0.0,0.0,0.0,0.0,0.0,-0.0026414363428196226,0.0,3.6914529990775963e-06,6.002200602693922e-07
0.0,0.0,0.0,0.0,0.0,0.0,-0.0027999741878869566,0.0,4.271993189185978e-06,2.0230010427603647e-06
0.0,0.0,0.0,0.0,0.0,0.0,-0.0029676041115667693,0.0,4.587482757386924e-06,3.3403392348848714e-06
0.0,0.0,0.0,0.0,0.0,0.0,-0.0031440356148837887,0.0,4.620105599787696e-06,4.501751699092799e-06
0.0,0.0,0.0,0.0,0.0,0.0,-0.0033289887149431665,0.0,4.36446086712265e-06,5.461207591588241e-06
0.0,0.0,0.0,0.0,0.0,0.0,-0.0035222768222617435,0.0,3.827798971490831e-06,6.177755835710648e-06
0.0,0.0,0.0,0.0,0.0,0.0,-0.0037238950375028173,0.0,3.030131314578355e-06,6.6162562136979144e-06
0.0,0.0,0.0,0.0,0.0,0.0,-0.003934107172596012,0.0,2.004133244646114e-06,6.748227553899115e-06
0.0,0.0,0.0,0.0,0.0,0.0,-0.004153524196727335,0.0,7.94721173241926e-07,6.552792846892036e-06
0.0,0.0,0.0,0.0,0.0,0.0,-0.004383166712706256,0.0,-5.418348319181747e-07,6.017671971970777e-06
0.0,0.0,0.0,0.0,0.0,0.0,-0.004624504535723147,0.0,-1.93939865597223e-06,5.140150722577046e-06
0.0,0.0,0.0,0.0,0.0,0.0,-0.004879467484849772,0.0,-3.324164906217883e-06,3.927941468709556e-06
0.0,0.0,0.0,0.0,0.0,0.0,-0.005150423072132021,0.0,-4.617624983223106e-06,2.399846540429053e-06
0.0,0.0,0.0,0.0,0.0,0.0,-0.0054401188024201545,0.0,-5.740295884020148e-06,5.861397461195267e-07
0.0,0.0,0.0,0.0,0.0,0.0,-0.0057515891535969525,0.0,-6.616126958906799e-06,-1.4714069587903021e-06
0.0,0.0,0.0,0.0,0.0,0.0,-0.006088029830358459,0.0,-7.177418106018478e-06,-3.719907637363606e-06
0.0,0.0,0.0,0.0,0.0,0.0,-0.006452644389566373,0.0,-7.370006375933668e-06,-6.0961931139926016e-06
0.0,0.0,0.0,0.0,0.0,0.0,-0.006848470625702553,0.0,-7.158415327704467e-06,-8.528102708878346e-06
0.0,0.0,0.0,0.0,0.0,0.0,-0.007278195991305225,0.0,-6.530620399306615e-06,-1.093623085593248e-05
0.0,0.0,0.0,0.0,0.0,0.0,-0.007743972642080927,0.0,-5.502069910957776e-06,-1.3236104215582365e-05
0.0,0.0,0.0,0.0,0.0,0.0,-0.008247243310148762,0.0,-4.118618555674133e-06,-1.5340749705107862e-05
0.0,0.0,0.0,0.0,0.0,0.0,-0.008788589042816916,0.0,-2.4580789442299467e-06,-1.716360200413724e-05
0.0,0.0,0.0,0.0,0.0,0.0,-0.009367608879395405,0.0,-6.301745586675955e-07,-1.862169021544656e-05
0.0,0.0,0.0,0.0,0.0,0.0,-0.00998283981965575,0.0,1.2252209293738513e-06,-1.9639036692744877e-05
0.0,0.0,0.0,0.0,0.0,0.0,-0.010631723071968933,0.0,2.9415553004727164e-06,-2.0150195558255382e-05
0.0,0.0,0.0,0.0,0.0,0.0,-0.011310619719690449,0.0,4.330653357556731e-06,-2.0103853042499316e-05
0.0,0.0,0.0,0.0,0.0,0.0,-0.012014875817201016,0.0,5.189108818742707e-06,-1.946640559532392e-05
0.0,0.0,0.0,0.0,0.0,0.0,-0.012738933755377933,0.0,5.305658558339308e-06,-1.822542419589496e-05
0.0,0.0,0.0,0.0,0.0,0.0,-0.013476483761316905,0.0,4.469102529947424e-06,-1.6392904400751827e-05
0.0,0.0,0.0,0.0,0.0,0.0,-0.014220646847652387,0.0,2.4762813343310024e-06,-1.4008191945986698e-05
0.0,0.0,0.0,0.0,0.0,0.0,-0.01496417859975984,0.0,-8.60391556980946e-07,-1.1140464246851877e-05
0.0,0.0,0.0,0.0,0.0,0.0,-0.01569968203248766,0.0,-5.706322380785549e-06,-7.890640474449932e-06
0.0,0.0,0.0,0.0,0.0,0.0,-0.01641981744809905,0.0,-1.2199473097335243e-05,-4.392588883630208e-06
0.0,0.0,0.0,0.0,0.0,0.0,-0.017117497800705646,0.0,-2.0446765720990873e-05,-8.135016574791279e-07
0.0,0.0,0.0,0.0,0.0,0.0,-0.0007617530279845244,0.0,-9.787419343289944e-06,-6.1898540320032974e-06
0.0,0.0,0.0,0.0,0.0,0.0,-0.0007822240941865264,0.0,-4.357027473804237e-06,-1.4606147804127785e-06
0.0,0.0,0.0,0.0,0.0,0.0,-0.0008055170597662644,0.0,-9.894898282110463e-07,1.4379943581819144e-06
0.0,0.0,0.0,0.0,0.0,0.0,-0.0008306214703792938,0.0,8.549130734113695e-07,2.985603270847393e-06
0.0,0.0,0.0,0.0,0.0,0.0,-0.0008566668309766281,0.0,1.673212538251317e-06,3.6230633031941913e-06
0.0,0.0,0.0,0.0,0.0,0.0,-0.000882956584722604,0.0,1.8954540889238192e-06,3.7309435361543384e-06
0.0,0.0,0.0,0.0,0.0,0.0,-0.0009089929983975942,0.0,1.8635947664354894e-06,3.6109072093608308e-06
0.0,0.0,0.0,0.0,0.0,0.0,-0.0009344918261755728,0.0,1.8146700812783807e-06,3.470915216946058e-06
0.0,0.0,0.0,0.0,0.0,0.0,-0.0009593861724338472,0.0,1.8690959683786892e-06,3.415015695792641e-06
0.0,0.0,0.0,0.0,0.0,0.0,-0.0009838195515997753,0.0,2.024711039180435e-06,3.438246445036609e-06
0.0,0.0,0.0,0.0,0.0,0.0,-0.0010081287136428706,0.0,2.156868642060961e-06,3.4269136274843806e-06
0.0,0.0,0.0,0.0,0.0,0.0,-0.0010328173331447944,0.0,2.024574114660319e-06,3.164231363385209e-06
0.0,0.0,0.0,0.0,0.0,0.0,-0.001058522116579046,0.0,1.2823487571663947e-06,2.3410289408066706e-06
0.0,0.0,0.0,0.0,0.0,0.0,-0.001085973240470594,0.0,-5.027929268867914e-07,5.709718726809414e-07
0.0,0.0,0.0,0.0,0.0,0.0,-0.001115951273456109,0.0,-3.830124965575237e-06,-2.5904848120624716e-06
0.0,0.0,0.0,0.0,0.0,0.0,-0.0011492428470410761,0.0,-9.24083059166466e-06,-7.624374788212096e-06
0.0,0.0,0.0,0.0,0.0,0.0,-0.0012066229407346188,0.0,-7.872769382573407e-06,-4.4521164443893455e-06
0.0,0.0,0.0,0.0,0.0,0.0,-0.0011766356621889331,0.0,-2.9571687797332914e-06,4.5790733274229077e-07
0.0,0.0,0.0,0.0,0.0,0.0,-0.0011549357659777805,0.0,-9.162809753472667e-08,3.0501083921761953e-06
0.0,0.0,0.0,0.0,0.0,0.0,-0.0011412668299710872,0.0,1.22094577509964e-06,3.827571390483189e-06
0.0,0.0,0.0,0.0,0.0,0.0,-0.0011352597799651528,0.0,1.4453661482025613e-06,3.2877749122229693e-06
0.0,0.0,0.0,0.0,0.0,0.0,-0.0011364562190798477,0.0,9.975891371114681e-07,1.9033928274033492e-06
0.0,0.0,0.0,0.0,0.0,0.0,-0.0011443349123362611,0.0,2.3160637043309097e-07,1.0482019867233752e-07
0.0,0.0,0.0,0.0,0.0,0.0,-0.0011583400274575457,0.0,-5.695881656153472e-07,-1.7347466036122475e-06
0.0,0.0,0.0,0.0,0.0,0.0,-0.001177909601768955,0.0,-1.1986076700486094e-06,-3.310979717625678e-06
0.0,0.0,0.0,0.0,0.0,0.0,-0.0012025026658112783,0.0,-1.523785375624146e-06,-4.396317008931736e-06
0.0,0.0,0.0,0.0,0.0,0.0,-0.001231623515095535,0.0,-1.484996953959655e-06,-4.843767069270116e-06
0.0,0.0,0.0,0.0,0.0,0.0,-0.0012648417839970644,0.0,-1.0856616515834104e-06,-4.5865229829301826e-06
0.0,0.0,0.0,0.0,0.0,0.0,-0.0013018072346236893,0.0,-3.81619532236312e-07,-3.633511167237943e-06
0.0,0.0,0.0,0.0,0.0,0.0,-0.0013422585157274467,0.0,5.322401755633848e-07,-2.0612183577418605e-06
0.0,0.0,0.0,0.0,0.0,0.0,-0.001386025552455426,0.0,1.5366097260009239e-06,-2.335358834483839e-09
0.0,0.0,0.0,0.0,0.0,0.0,-0.0014330256709073536,0.0,2.5026178917990707e-06,2.368080718241324e-06
0.0,0.0,0.0,0.0,0.0,0.0,-0.0014832540113787077,0.0,3.305902469665509e-06,4.8481024601009556e-06
0.0,0.0,0.0,0.0,0.0,0.0,-0.0015367692074159263,0.0,3.838990181095252e-06,7.225189562114513e-06
0.0,0.0,0.0,0.0,0.0,0.0,-0.0015936756706927083,0.0,4.021231490632321e-06,9.292288628880499e-06
0.0,0.0,0.0,0.0,0.0,0.0,-0.0016541040928657236,0.0,3.80574333729922e-06,1.086288580356325e-05
0.0,0.0,0.0,0.0,0.0,0.0,-0.0017181919286731815,0.0,3.183049839892765e-06,1.1784200937926814e-05
0.0,0.0,0.0,0.0,0.0,0.0,-0.0017860656409277719,0.0,2.181361329653018e-06,1.1947833500466128e-05
0.0,0.0,0.0,0.0,0.0,0.0,-0.001857826358887582,0.0,8.636766338091309e-07,1.1297327185289452e-05
0.0,0.0,0.0,0.0,0.0,0.0,-0.0019335403293764305,0.0,-6.778856364289196e-07,9.8323025484277e-06
0.0,0.0,0.0,0.0,0.0,0.0,-0.0020132351398132412,0.0,-2.3299396127267336e-06,7.609004189312093e-06
0.0,0.0,0.0,0.0,0.0,0.0,-0.002096902190914328,0.0,-3.9671514179885105e-06,4.737309832886227e-06
0.0,0.0,0.0,0.0,0.0,0.0,-0.002184505331983746,0.0,-5.4622373276270834e-06,1.3744422257403518e-06
0.0,0.0,0.0,0.0,0.0,0.0,-0.0022759949896331397,0.0,-6.695844284975187e-06,-2.2841990476038868e-06
0.0,0.0,0.0,0.0,0.0,0.0,-0.002371326572868047,0.0,-7.5655672207752996e-06,-6.016518639087804e-06
0.0,0.0,0.0,0.0,0.0,0.0,-0.002470481476163964,0.0,-7.993461572634256e-06,-9.58683527183912e-06
0.0,0.0,0.0,0.0,0.0,0.0,-0.0025734886762128805,0.0,-7.93155558592479e-06,-1.2759857478138398e-05
0.0,0.0,0.0,0.0,0.0,0.0,-0.0026804447677649147,0.0,-7.3650418722594115e-06,-1.5314724862376065e-05
0.0,0.0,0.0,0.0,0.0,0.0,-0.0027915303367249335,0.0,-6.31301618499191e-06,-1.705831909665852e-05
0.0,0.0,0.0,0.0,0.0,0.0,-0.0029070208348736773,0.0,-4.82681806766405e-06,-1.7837094451703334e-05
0.0,0.0,0.0,0.0,0.0,0.0,-0.0030272905913083137,0.0,-2.9861986040905994e-06,-1.7546761330618135e-05
0.0,0.0,0.0,0.0,0.0,0.0,-0.0031528092414802467,0.0,-8.936828035698355e-07,-1.6139273441676287e-05
0.0,0.0,0.0,0.0,0.0,0.0,-0.0032841306263795486,0.0,1.3324008611567077e-06,-1.3626713980447553e-05
0.0,0.0,0.0,0.0,0.0,0.0,-0.003421875045860265,0.0,3.5656889506936653e-06,-1.0081841433267789e-05
0.0,0.0,0.0,0.0,0.0,0.0,-0.0035667065629283986,0.0,5.67979663069389e-06,-5.635233483077852e-06
0.0,0.0,0.0,0.0,0.0,0.0,-0.003719307765714482,0.0,7.5560470324015534e-06,-4.6914956542982306e-07
0.0,0.0,0.0,0.0,0.0,0.0,-0.003880354918151608,0.0,9.090446967473893e-06,5.19158978730741e-06
0.0,0.0,0.0,0.0,0.0,0.0,-0.004050496696222136,0.0,1.0199527366285422e-05,1.1091244176262508e-05
0.0,0.0,0.0,0.0,0.0,0.0,-0.004230339659025756,0.0,1.082477269006058e-05,1.695670932144169e-05
0.0,0.0,0.0,0.0,0.0,0.0,-0.004420443212825373,0.0,1.0935477025571065e-05,2.2512267615956228e-05
0.0,0.0,0.0,0.0,0.0,0.0,-0.004621326091957217,0.0,1.0529975502690352e-05,2.7494733941069898e-05
0.0,0.0,0.0,0.0,0.0,0.0,-0.004833485336668218,0.0,9.635299284311118e-06,3.1668158546882324e-05
0.0,0.0,0.0,0.0,0.0,0.0,-0.005057427461519666,0.0,8.30538390949394e-06,3.4837253405669514e-05
0.0,0.0,0.0,0.0,0.0,0.0,-0.005293710076082274,0.0,6.618019985088139e-06,3.685875773041061e-05
0.0,0.0,0.0,0.0,0.0,0.0,-0.005542990763150519,0.0,4.6707705941800674e-06,3.7650051274412634e-05
0.0,0.0,0.0,0.0,0.0,0.0,-0.005806078674152199,0.0,2.576092420897985e-06,3.719445716831855e-05
0.0,0.0,0.0,0.0,0.0,0.0,-0.0060839832055900895,0.0,4.558908452156375e-07,3.5542843624310986e-05
0.0,0.0,0.0,0.0,0.0,0.0,-0.006377953403646866,0.0,-1.564281797213074e-06,3.281132787971903e-05
0.0,0.0,0.0,0.0,0.0,0.0,-0.006689501513818716,0.0,-3.361204922403601e-06,2.9175096387436218e-05
0.0,0.0,0.0,0.0,0.0,0.0,-0.007020404422165563,0.0,-4.819996852998025e-06,2.4858571222195628e-05
0.0,0.0,0.0,0.0,0.0,0.0,-0.0073726776548561435,0.0,-5.840029579246182e-06,2.0122361855585014e-05
0.0,0.0,0.0,0.0,0.0,0.0,-0.007748518094293539,0.0,-6.340649814193201e-06,1.5247631653926997e-05
0.0,0.0,0.0,0.0,0.0,0.0,-0.008150213563157356,0.0,-6.266613639791755e-06,1.0518668118401691e-05
0.0,0.0,0.0,0.0,0.0,0.0,-0.00858001980344789,0.0,-5.5931389334458285e-06,6.204564886838149e-06
0.0,0.0,0.0,0.0,0.0,0.0,-0.009040007975784263,0.0,-4.330466168872256e-06,2.5409938593685955e-06
0.0,0.0,0.0,0.0,0.0,0.0,-0.009531888434162148,0.0,-2.5277971496501066e-06,-2.869377410290915e-07
0.0,0.0,0.0,0.0,0.0,0.0,-0.010056818986743123,0.0,-2.7645722986877584e-07,-2.159790071307264e-06
0.0,0.0,0.0,0.0,0.0,0.0,-0.01061520792850605,0.0,2.2878950674037803e-06,-3.035991935369537e-06
0.0,0.0,0.0,0.0,0.0,0.0,-0.011206523639457608,0.0,4.984200876638435e-06,-2.9604233398555606e-06
0.0,0.0,0.0,0.0,0.0,0.0,-0.011829123329980254,0.0,7.58626691745902e-06,-2.0688478636571393e-06
0.0,0.0,0.0,0.0,0.0,0.0,-0.0124801134790136,0.0,9.824539112140637e-06,-5.878804053721133e-07
0.0,0.0,0.0,0.0,0.0,0.0,-0.013155253606541191,0.0,1.1389523216671698e-05,1.1695885095809946e-06
0.0,0.0,0.0,0.0,0.0,0.0,-0.013848913269591348,0.0,1.193693697454758e-05,2.8133503306611296e-06
0.0,0.0,0.0,0.0,0.0,0.0,-0.014554089656178082,0.0,1.1094605689723107e-05,3.888825508816104e-06
0.0,0.0,0.0,0.0,0.0,0.0,-0.015262490019941743,0.0,8.471026479936646e-06,3.893399378072319e-06
0.0,0.0,0.0,0.0,0.0,0.0,-0.01596467964524661,0.0,3.6654313225548477e-06,2.29537301714715e-06
0.0,0.0,0.0,0.0,0.0,0.0,-0.016650292289201982,0.0,-3.720917879497694e-06,-1.4453736967342395e-06
0.0,0.0,0.0,0.0,0.0,0.0,-0.01730829636258908,0.0,-1.4072560156950945e-05,-7.855987461651915e-06
0.0,0.0,0.0,0.0,0.0,0.0,-0.01792730673415374,0.0,-2.7747228213455787e-05,-1.7429519322548952e-05
0.0,0.0,0.0,0.0,0.0,0.0,-0.0009242009039607782,0.0,-1.1297578282834118e-05,-8.798793768109367e-06
0.0,0.0,0.0,0.0,0.0,0.0,-0.0009365981938499355,0.0,-5.38698151807712e-06,-7.179604184997124e-06
0.0,0.0,0.0,0.0,0.0,0.0,-0.0009537919121151055,0.0,-1.4161707547674911e-06,-6.0868024718556575e-06
0.0,0.0,0.0,0.0,0.0,0.0,-0.000974661147168013,0.0,1.1158721058594171e-06,-5.154805161879713e-06
0.0,0.0,0.0,0.0,0.0,0.0,-0.0009981244455767916,0.0,2.65796517241409e-06,-4.114765929175059e-06
0.0,0.0,0.0,0.0,0.0,0.0,-0.001023184516801873,0.0,3.5839603632070727e-06,-2.8085248568955525e-06
0.0,0.0,0.0,0.0,0.0,0.0,-0.0010489684353446297,0.0,4.1737006168897015e-06,-1.1970659774469036e-06
0.0,0.0,0.0,0.0,0.0,0.0,-0.0010747614300701943,0.0,4.598696553883555e-06,6.369754903131318e-07
0.0,0.0,0.0,0.0,0.0,0.0,-0.0011000326768873386,0.0,4.91327841801374e-06,2.492899757103881e-06
0.0,0.0,0.0,0.0,0.0,0.0,-0.0011244519258605053,0.0,5.05169360649543e-06,4.061442399021361e-06
0.0,0.0,0.0,0.0,0.0,0.0,-0.0011478962727414308,0.0,4.8313061790238206e-06,4.939693663345759e-06
0.0,0.0,0.0,0.0,0.0,0.0,-0.0011704468992705195,0.0,3.961731295249208e-06,4.650659442843787e-06
0.0,0.0,0.0,0.0,0.0,0.0,-0.0011923761256795351,0.0,2.059424097413439e-06,2.666449078916758e-06
0.0,0.0,0.0,0.0,0.0,0.0,-0.0012141256118336791,0.0,-1.3330420234503211e-06,-1.5661016268772067e-06
0.0,0.0,0.0,0.0,0.0,0.0,-0.0012362769816203103,0.0,-6.724011700702526e-06,-8.598670607214576e-06
0.0,0.0,0.0,0.0,0.0,0.0,-0.0012595165037168265,0.0,-1.4647281732057616e-05,-1.895488322377196e-05
0.0,0.0,0.0,0.0,0.0,0.0,-0.001394026315169146,0.0,-4.25315747595472e-05,-1.6117978014065738e-05
0.0,0.0,0.0,0.0,0.0,0.0,-0.00137070155782138,0.0,-2.098070224939761e-05,-1.0461596597135647e-05
0.0,0.0,0.0,0.0,0.0,0.0,-0.0013561590107147984,0.0,-4.102401543632514e-06,-6.0625534530173945e-06
0.0,0.0,0.0,0.0,0.0,0.0,-0.0013501915336551697,0.0,8.33853261520399e-06,-2.6046770809087186e-06
0.0,0.0,0.0,0.0,0.0,0.0,-0.0013524795179612574,0.0,1.6669944362901e-05,1.6375542788590013e-07
0.0,0.0,0.0,0.0,0.0,0.0,-0.0013626113203203008,0.0,2.130305857530484e-05,2.4233886871728207e-06
0.0,0.0,0.0,0.0,0.0,0.0,-0.0013801057374356754,0.0,2.2719969393954252e-05,4.28295218737689e-06
0.0,0.0,0.0,0.0,0.0,0.0,-0.0014044353206535023,0.0,2.145816092821457e-05,5.784245734659398e-06
0.0,0.0,0.0,0.0,0.0,0.0,-0.001435049370556303,0.0,1.809250838103165e-05,6.9125265719416264e-06
0.0,0.0,0.0,0.0,0.0,0.0,-0.0014713955768381167,0.0,1.321536724624775e-05,7.61144058715967e-06
0.0,0.0,0.0,0.0,0.0,0.0,-0.0015129394664357442,0.0,7.415503939809786e-06,7.801252349205756e-06
0.0,0.0,0.0,0.0,0.0,0.0,-0.0015591810737133633,0.0,1.2567421103126981e-06,7.398825020051014e-06
0.0,0.0,0.0,0.0,0.0,0.0,-0.001609668525902579,0.0,-4.742716217071832e-06,6.337611221306997e-06
0.0,0.0,0.0,0.0,0.0,0.0,-0.0016640085172302732,0.0,-1.0129296780411658e-05,4.585861635532113e-06
0.0,0.0,0.0,0.0,0.0,0.0,-0.0017218738979719729,0.0,-1.4530404339962782e-05,2.1613511937011633e-06
0.0,0.0,0.0,0.0,0.0,0.0,-0.0017830088042157324,0.0,-1.7667212403861933e-05,-8.588371021602242e-07
0.0,0.0,0.0,0.0,0.0,0.0,-0.0018472318798253683,0.0,-1.9363121640709547e-05,-4.334556276584843e-06
0.0,0.0,0.0,0.0,0.0,0.0,-0.0019144381810779329,0.0,-1.9547312585530777e-05,-8.065469603637035e-06
0.0,0.0,0.0,0.0,0.0,0.0,-0.0019846003033437386,0.0,-1.8253064562909465e-05,-1.1800600920936887e-05
0.0,0.0,0.0,0.0,0.0,0.0,-0.0020577691350017017,0.0,-1.5610797750696768e-05,-1.5254022170480865e-05
0.0,0.0,0.0,0.0,0.0,0.0,-0.002134074443772769,0.0,-1.1836102564094248e-05,-1.8125574941152975e-05
0.0,0.0,0.0,0.0,0.0,0.0,-0.0022137252609655926,0.0,-7.213330375138325e-06,-2.012502858380412e-05
0.0,0.0,0.0,0.0,0.0,0.0,-0.00229700978245169,0.0,-2.075610367783696e-06,-2.0997699346934776e-05
0.0,0.0,0.0,0.0,0.0,0.0,-0.0023842942874866472,0.0,3.2175929038991743e-06,-2.0549330793444417e-05
0.0,0.0,0.0,0.0,0.0,0.0,-0.0024760204231158095,0.0,8.304078462037425e-06,-1.8667991526458583e-05
0.0,0.0,0.0,0.0,0.0,0.0,-0.0025727001434541572,0.0,1.284225214595613e-05,-1.534089328939707e-05
0.0,0.0,0.0,0.0,0.0,0.0,-0.0026749076515298325,0.0,1.6532783657975843e-05,-1.0664365774706603e-05
0.0,0.0,0.0,0.0,0.0,0.0,-0.002783267876533828,0.0,1.913722581072799e-05,-4.845722370171775e-06
0.0,0.0,0.0,0.0,0.0,0.0,-0.0028984413268163243,0.0,2.0492419236052984e-05,1.8036232707547596e-06
0.0,0.0,0.0,0.0,0.0,0.0,-0.003021105569131927,0.0,2.0519767908260727e-05,8.883725903619443e-06
0.0,0.0,0.0,0.0,0.0,0.0,-0.003151934063118666,0.0,1.9228804149589405e-05,1.5929574104493792e-05
0.0,0.0,0.0,0.0,0.0,0.0,-0.0032915735800198393,0.0,1.6714844000945443e-05,2.2440980228285133e-05
0.0,0.0,0.0,0.0,0.0,0.0,-0.0034406219007447245,0.0,1.3150937879391304e-05,2.791683950851653e-05
0.0,0.0,0.0,0.0,0.0,0.0,-0.003599607861343392,0.0,8.774717500696248e-06,3.189127248803326e-05
0.0,0.0,0.0,0.0,0.0,0.0,-0.0037689760367980354,0.0,3.8710979708123615e-06,3.396892761867057e-05
0.0,0.0,0.0,0.0,0.0,0.0,-0.003949078377949428,0.0,-1.2479142711642119e-06,3.3856700873463944e-05
0.0,0.0,0.0,0.0,0.0,0.0,-0.0041401749067549246,0.0,-6.264854814308062e-06,3.138933246813868e-05
0.0,0.0,0.0,0.0,0.0,0.0,-0.004342445116398148,0.0,-1.0878327407623555e-05,2.6546753979585702e-05
0.0,0.0,0.0,0.0,0.0,0.0,-0.004556011022149422,0.0,-1.4822893773264005e-05,1.9461650691955743e-05
0.0,0.0,0.0,0.0,0.0,0.0,-0.004780971897671035,0.0,-1.7885932176552998e-05,1.0416426692915447e-05
0.0,0.0,0.0,0.0,0.0,0.0,-0.005017449664715101,0.0,-1.9920309081295808e-05,-1.7044465980341032e-07
0.0,0.0,0.0,0.0,0.0,0.0,-0.005265642757736178,0.0,-2.0852034391814723e-05,-1.1767899902640237e-05
0.0,0.0,0.0,0.0,0.0,0.0,-0.0055258851504905206,0.0,-2.068245857486141e-05,-2.3764065338850336e-05
0.0,0.0,0.0,0.0,0.0,0.0,-0.005798706209778819,0.0,-1.9484988989556433e-05,-3.550418379369771e-05
0.0,0.0,0.0,0.0,0.0,0.0,-0.006084886233377952,0.0,-1.7396720074765257e-05,-4.6332078636770547e-05
0.0,0.0,0.0,0.0,0.0,0.0,-0.006385502028017629,0.0,-1.4605754856378576e-05,-5.5632294105134464e-05
0.0,0.0,0.0,0.0,0.0,0.0,-0.00670195676521536,0.0,-1.1335313632883674e-05,-6.287002169493906e-05
0.0,0.0,0.0,0.0,0.0,0.0,-0.007035988669380707,0.0,-7.825955128873928e-06,-6.76261139537916e-05
0.0,0.0,0.0,0.0,0.0,0.0,-0.007389653864413776,0.0,-4.317358691525476e-06,-6.962487967903763e-05
0.0,0.0,0.0,0.0,0.0,0.0,-0.007765279917788559,0.0,-1.0311247883706878e-06,-6.875291232432226e-05
0.0,0.0,0.0,0.0,0.0,0.0,-0.008165388224553923,0.0,1.844053989736704e-06,-6.50678775996449e-05
0.0,0.0,0.0,0.0,0.0,0.0,-0.008592585283260479,0.0,4.1637080220877434e-06,-5.879691996644532e-05
0.0,0.0,0.0,0.0,0.0,0.0,-0.009049425017419989,0.0,5.834542878493162e-06,-5.032508118224055e-05
0.0,0.0,0.0,0.0,0.0,0.0,-0.009538246453359309,0.0,6.816535123483052e-06,-4.017479978309698e-05
0.0,0.0,0.0,0.0,0.0,0.0,-0.010060993129072512,0.0,7.120065623769873e-06,-2.897812810743832e-05
0.0,0.0,0.0,0.0,0.0,0.0,-0.010619022427767588,0.0,6.798372947468398e-06,-1.7443724058022973e-05
0.0,0.0,0.0,0.0,0.0,0.0,-0.011212914462556506,0.0,5.935969183042946e-06,-6.3209231388496306e-06
0.0,0.0,0.0,0.0,0.0,0.0,-0.011842291063937567,0.0,4.6339642917794365e-06,3.6367373274523527e-06
0.0,0.0,0.0,0.0,0.0,0.0,-0.012505655748413483,0.0,2.993471106347038e-06,1.1706279836414457e-05
0.0,0.0,0.0,0.0,0.0,0.0,-0.013200265221793286,0.0,1.0983962345544399e-06,1.7226338824382357e-05
0.0,0.0,0.0,0.0,0.0,0.0,-0.013922041984410627,0.0,-1.001044931088187e-06,1.962290007927279e-05
0.0,0.0,0.0,0.0,0.0,0.0,-0.014665535992418086,0.0,-3.30281752217252e-06,1.8428602864468003e-05
0.0,0.0,0.0,0.0,0.0,0.0,-0.015423941167565874,0.0,-5.864447196481191e-06,1.3295001981722052e-05
0.0,0.0,0.0,0.0,0.0,0.0,-0.016189169954104174,0.0,-8.810411641400158e-06,3.997708529021853e-06
0.0,0.0,0.0,0.0,0.0,0.0,-0.01695198624331932,0.0,-1.2334955325964082e-05,-9.565190581631213e-06
0.0,0.0,0.0,0.0,0.0,0.0,-0.017702193992462492,0.0,-1.6700063402973545e-05,-2.738062653490905e-05
0.0,0.0,0.0,0.0,0.0,0.0,-0.0006317456062416263,0.0,-0.0005960408636422642,-0.0007031794005386679
0.0,0.0,0.0,0.0,0.0,0.0,-0.0006393228803397441,0.0,-0.0006333492272865279,-0.0007280051942001963
0.0,0.0,0.0,0.0,0.0,0.0,-0.0006552677583008945,0.0,-0.0006714643048789231,-0.0007491050069951441
0.0,0.0,0.0,0.0,0.0,0.0,-0.0006782639373743189,0.0,-0.000709373959699274,-0.0007663302281847448
0.0,0.0,0.0,0.0,0.0,0.0,-0.0007069329337485502,0.0,-0.0007461357541147311,-0.0007797601070124306
0.0,0.0,0.0,0.0,0.0,0.0,-0.0007398926320399393,0.0,-0.000780910915059457,-0.0007896949912203873
0.0,0.0,0.0,0.0,0.0,0.0,-0.000775815059700358,0.0,-0.0008129935742948809,-0.0007966386229859135
0.0,0.0,0.0,0.0,0.0,0.0,-0.0008134805769561514,0.0,-0.0008418339354903505,-0.0008012703862998238
0.0,0.0,0.0,0.0,0.0,0.0,-0.0008518258498336918,0.0,-0.0008670543330333694,-0.000804408964527735
0.0,0.0,0.0,0.0,0.0,0.0,-0.0008899833022065675,0.0,-0.0008884575183545283,-0.0008069693460823201
0.0,0.0,0.0,0.0,0.0,0.0,-0.0009273102034389464,0.0,-0.0009060269158679263,-0.0008099154788309339
0.0,0.0,0.0,0.0,0.0,0.0,-0.0009634061130610362,0.0,-0.0009199190075116421,-0.0008142110970753071
0.0,0.0,0.0,0.0,0.0,0.0,-0.0009981180380349416,0.0,-0.0009304484069026136,-0.0008207713153243929
0.0,0.0,0.0,0.0,0.0,0.0,-0.0010315333221422125,0.0,-0.0009380665471233434,-0.0008304174978604257
0.0,0.0,0.0,0.0,0.0,0.0,-0.0010639609397863335,0.0,-0.0009433352088865109,-0.0008438376801528718
0.0,0.0,0.0,0.0,0.0,0.0,-0.0009482858990473319,0.0,-0.0010061413745959626,-0.0008063593790830368
0.0,0.0,0.0,0.0,0.0,0.0,-0.0009531069827206713,0.0,-0.0010019424238878203,-0.0008183588342212982
0.0,0.0,0.0,0.0,0.0,0.0,-0.0009656618925896923,0.0,-0.0010038055758771172,-0.0008348015692834552
0.0,0.0,0.0,0.0,0.0,0.0,-0.0009850837624323185,0.0,-0.0010114045812233629,-0.0008563524808383361
0.0,0.0,0.0,0.0,0.0,0.0,-0.0010105126568820191,0.0,-0.0010242158578769398,-0.0008837686810469935
0.0,0.0,0.0,0.0,0.0,0.0,-0.0010411435965543125,0.0,-0.0010415522405569527,-0.0009178739417787057
0.0,0.0,0.0,0.0,0.0,0.0,-0.0010762700219745995,0.0,-0.0010626100317522537,-0.0009595240191279731
0.0,0.0,0.0,0.0,0.0,0.0,-0.0011153201313381178,0.0,-0.001086527181035731,-0.0010095645849438092
0.0,0.0,0.0,0.0,0.0,0.0,-0.0011578839848570477,0.0,-0.0011124493793883694,-0.0010687843930948725
0.0,0.0,0.0,0.0,0.0,0.0,-0.0012037298912946936,0.0,-0.0011395999531970647,-0.0011378671123903695
0.0,0.0,0.0,0.0,0.0,0.0,-0.0012528093383796677,0.0,-0.0011673487666564609,-0.0012173458821804386
0.0,0.0,0.0,0.0,0.0,0.0,-0.001305250543899831,0.0,-0.0011952749704856698,-0.00130756501209563
0.0,0.0,0.0,0.0,0.0,0.0,-0.0013613415257316451,0.0,-0.001223218431275144,-0.0014086532877510846
0.0,0.0,0.0,0.0,0.0,0.0,-0.0014215043507067684,0.0,-0.0012513150773897812,-0.0015205130127840406
0.0,0.0,0.0,0.0,0.0,0.0,-0.0014862628599811587,0.0,-0.0012800122121628635,-0.00164282819373189
0.0,0.0,0.0,0.0,0.0,0.0,-0.0015562066262082255,0.0,-0.0013100610473505783,-0.001775094168556331
0.0,0.0,0.0,0.0,0.0,0.0,-0.0016319541322825902,0.0,-0.0013424852387937257,-0.0019166695364826079
0.0,0.0,0.0,0.0,0.0,0.0,-0.00171411814734845,0.0,-0.0013785259682015396,-0.0020668495444498944
0.0,0.0,0.0,0.0,0.0,0.0,-0.0018032760085765097,0.0,-0.001419565988090429,-0.002224958232783906
0.0,0.0,0.0,0.0,0.0,0.0,-0.0018999470144601077,0.0,-0.0014670368891500707,-0.002390454773189345
0.0,0.0,0.0,0.0,0.0,0.0,-0.0020045784361417372,0.0,-0.0015223155088655899,-0.0025630476949146065
0.0,0.0,0.0,0.0,0.0,0.0,-0.002117540815493179,0.0,-0.001586616727652301,-0.0027428092434706496
0.0,0.0,0.0,0.0,0.0,0.0,-0.0022391323146133757,0.0,-0.0016608907599200162,-0.0029302810958495
0.0,0.0,0.0,0.0,0.0,0.0,-0.0023695909916071883,0.0,-0.0017457333361473762,-0.0031265621907726523
0.0,0.0,0.0,0.0,0.0,0.0,-0.0025091130836415888,0.0,-0.0018413168210167747,-0.0033333696125057172
0.0,0.0,0.0,0.0,0.0,0.0,-0.00265787475564086,0.0,-0.001947349302304182,-0.00355306433866373
0.0,0.0,0.0,0.0,0.0,0.0,-0.0028160543832834338,0.0,-0.002063067048437941,-0.0037886352213541124
0.0,0.0,0.0,0.0,0.0,0.0,-0.002983852324108833,0.0,-0.0021872635556399998,-0.004043636757348723
0.0,0.0,0.0,0.0,0.0,0.0,-0.0031615053080790686,0.0,-0.002318355824052029,-0.0043220789033920895
0.0,0.0,0.0,0.0,0.0,0.0,-0.0033492930396524603,0.0,-0.0024544856931622747,-0.00462827024581667
0.0,0.0,0.0,0.0,0.0,0.0,-0.0035475353113937945,0.0,-0.0025936512360702846,-0.004966619040018927
0.0,0.0,0.0,0.0,0.0,0.0,-0.003756578824339568,0.0,-0.0027338605790791404,-0.005341399771721243
0.0,0.0,0.0,0.0,0.0,0.0,-0.003976773913595907,0.0,-0.0028732982934101983,-0.005756495727693833
0.0,0.0,0.0,0.0,0.0,0.0,-0.004208442397620565,0.0,-0.003010492893485992,-0.006215130378915308
0.0,0.0,0.0,0.0,0.0,0.0,-0.004451838711066882,0.0,-0.0031444731267821152,-0.006719601982993465
0.0,0.0,0.0,0.0,0.0,0.0,-0.0047071072536554615,0.0,-0.003274900756574858,-0.007271036559073886
0.0,0.0,0.0,0.0,0.0,0.0,-0.0049742394145725986,0.0,-0.0034021684607898305,-0.007869174189608483
0.0,0.0,0.0,0.0,0.0,0.0,-0.005253033957732628,0.0,-0.0035274532687672388,-0.008512202438197725
0.0,0.0,0.0,0.0,0.0,0.0,-0.005543064349003904,0.0,-0.003652718535690991,-0.009196648590356056
0.0,0.0,0.0,0.0,0.0,0.0,-0.0058436561732604034,0.0,-0.0037806606513190438,-0.009917339541382504
0.0,0.0,0.0,0.0,0.0,0.0,-0.006153877058388855,0.0,-0.003914600283156838,-0.010667434649304936
0.0,0.0,0.0,0.0,0.0,0.0,-0.006472540554648387,0.0,-0.004058321715424031,-0.011438532964837336
0.0,0.0,0.0,0.0,0.0,0.0,-0.006798224293443461,0.0,-0.004215867497316937,-0.012220852198331859
0.0,0.0,0.0,0.0,0.0,0.0,-0.007129301567605766,0.0,-0.00439129889292389,-0.013003472850640197
0.0,0.0,0.0,0.0,0.0,0.0,-0.00746398434040863,0.0,-0.004588435289466534,-0.013774637376244053
0.0,0.0,0.0,0.0,0.0,0.0,-0.007800374704656575,0.0,-0.004810587570824542,-0.014522091290334719
0.0,0.0,0.0,0.0,0.0,0.0,-0.008136521066043853,0.0,-0.0050603013573326345,-0.015233450959058318
0.0,0.0,0.0,0.0,0.0,0.0,-0.00847047488586687,0.0,-0.0053391258767270045,-0.015896581548604297
0.0,0.0,0.0,0.0,0.0,0.0,-0.00032640879684999987,0.0,-0.0006193238892669888,-0.0005858670736761155
0.0,0.0,0.0,0.0,0.0,0.0,-0.00034152117368597143,0.0,-0.00066044818485623,-0.0006055069702073808
0.0,0.0,0.0,0.0,0.0,0.0,-0.0003641326215704328,0.0,-0.0007025371658428381,-0.0006240537749229809
0.0,0.0,0.0,0.0,0.0,0.0,-0.00039254018646317675,0.0,-0.0007444895861752294,-0.0006415102838590591
0.0,0.0,0.0,0.0,0.0,0.0,-0.0004250224987751832,0.0,-0.0007852663296217554,-0.0006580328622992755
0.0,0.0,0.0,0.0,0.0,0.0,-0.0004599129035497834,0.0,-0.0008239275826932925,-0.0006739205109158079
0.0,0.0,0.0,0.0,0.0,0.0,-0.0004956697673228674,0.0,-0.0008596655731443132,-0.000689595877365916
0.0,0.0,0.0,0.0,0.0,0.0,-0.0005309405341923611,0.0,-0.0008918313715371753,-0.0007055792050372937
0.0,0.0,0.0,0.0,0.0,0.0,-0.0005646163991516206,0.0,-0.000919954555928144,-0.0007224566338895068
0.0,0.0,0.0,0.0,0.0,0.0,-0.0005958749428882984,0.0,-0.0009437549094061878,-0.0007408446071259035
0.0,0.0,0.0,0.0,0.0,0.0,-0.0006242087016848155,0.0,-0.0009631457346036003,-0.0007613523689078465
0.0,0.0,0.0,0.0,0.0,0.0,-0.0006494383911376795,0.0,-0.0009782288031072867,-0.0007845446470718585
0.0,0.0,0.0,0.0,0.0,0.0,-0.0006717103177828125,0.0,-0.0009892813845002106,-0.0008109065939947936
0.0,0.0,0.0,0.0,0.0,0.0,-0.0006914783484545236,0.0,-0.0009967361938653938,-0.0008408129106021405
0.0,0.0,0.0,0.0,0.0,0.0,-0.0007094716123568793,0.0,-0.001001155434817337,-0.0008745028141020808
0.0,0.0,0.0,0.0,0.0,0.0,-0.0007266498369456541,0.0,-0.0010032003784336422,-0.0009120621483387976
0.0,0.0,0.0,0.0,0.0,0.0,-0.0007603377008291779,0.0,-0.0010636604763661949,-0.0008857759675659381
0.0,0.0,0.0,0.0,0.0,0.0,-0.0007810383419795202,0.0,-0.001099199180891344,-0.0008783570127676113
0.0,0.0,0.0,0.0,0.0,0.0,-0.0008064130114538623,0.0,-0.0011382838344580824,-0.0008752695572416938
0.0,0.0,0.0,0.0,0.0,0.0,-0.000835204114925824,0.0,-0.0011802888823397406,-0.0008772268715561312
0.0,0.0,0.0,0.0,0.0,0.0,-0.0008662885642549746,0.0,-0.0012246051084970875,-0.0008849879959428772
0.0,0.0,0.0,0.0,0.0,0.0,-0.00089873249416631,0.0,-0.0012706869332590816,-0.0008993322389120105
0.0,0.0,0.0,0.0,0.0,0.0,-0.0009318337948957763,0.0,-0.0013180998891884435,-0.0009210261533182766
0.0,0.0,0.0,0.0,0.0,0.0,-0.0009651496758809656,0.0,-0.0013665649124918152,-0.0009507842171562832
0.0,0.0,0.0,0.0,0.0,0.0,-0.0009985074102515997,0.0,-0.0014159959165609454,-0.000989225187207411
0.0,0.0,0.0,0.0,0.0,0.0,-0.0010319975175591303,0.0,-0.001466527208533522,-0.0010368267798501604
0.0,0.0,0.0,0.0,0.0,0.0,-0.0010659498488969324,0.0,-0.0015185276984651796,-0.001093881897874485
0.0,0.0,0.0,0.0,0.0,0.0,-0.0011008942581463262,0.0,-0.0015725995412280164,-0.0011604600001266633
0.0,0.0,0.0,0.0,0.0,0.0,-0.0011375086834773084,0.0,-0.0016295598253729259,-0.0012363773456134026
0.0,0.0,0.0,0.0,0.0,0.0,-0.0011765584336521314,0.0,-0.0016904051351856165,-0.0013211796930178614
0.0,0.0,0.0,0.0,0.0,0.0,-0.0012188311921506848,0.0,-0.0017562601893155,-0.0014141405778964834
0.0,0.0,0.0,0.0,0.0,0.0,-0.0012650726527186828,0.0,-0.0018283132050523816,-0.0015142775245403396
0.0,0.0,0.0,0.0,0.0,0.0,-0.0013159277390089536,0.0,-0.0019077420367949803,-0.0016203875053512275
0.0,0.0,0.0,0.0,0.0,0.0,-0.001371892021930751,0.0,-0.0019956363656654045,-0.001731101691898672
0.0,0.0,0.0,0.0,0.0,0.0,-0.0014332772441865505,0.0,-0.0020929221496900903,-0.0018449581272419928
0.0,0.0,0.0,0.0,0.0,0.0,-0.0015001938351736992,0.0,-0.0022002950666881156,-0.0019604894870165943
0.0,0.0,0.0,0.0,0.0,0.0,-0.001572552021419166,0.0,-0.0023181697036285904,-0.0020763216985036064
0.0,0.0,0.0,0.0,0.0,0.0,-0.0016500817012060855,0.0,-0.002446650708341866,-0.0021912779681344035
0.0,0.0,0.0,0.0,0.0,0.0,-0.0017323697660579453,0.0,-0.002585531005259969,-0.002304481839100276
0.0,0.0,0.0,0.0,0.0,0.0,-0.0018189121325462014,0.0,-0.002734320516743105,-0.0024154523573644724
0.0,0.0,0.0,0.0,0.0,0.0,-0.001909176509545116,0.0,-0.0028923067051907277,-0.002524184337580765
0.0,0.0,0.0,0.0,0.0,0.0,-0.0020026709708578483,0.0,-0.003058645785222718,-0.002631207129518639
0.0,0.0,0.0,0.0,0.0,0.0,-0.0020990128127527604,0.0,-0.0032324808168293605,-0.0027376161927742336
0.0,0.0,0.0,0.0,0.0,0.0,-0.002197992004167988,0.0,-0.0034130802762619887,-0.0028450731556046317
0.0,0.0,0.0,0.0,0.0,0.0,-0.002299623805022534,0.0,-0.003599988323723045,-0.0029557717871631184
0.0,0.0,0.0,0.0,0.0,0.0,-0.0024041858208501774,0.0,-0.0037931760565292107,-0.003072369341892217
0.0,0.0,0.0,0.0,0.0,0.0,-0.0025122358309437667,0.0,-0.003993181745234387,-0.00319788490484724
0.0,0.0,0.0,0.0,0.0,0.0,-0.0026246080926103,0.0,-0.004201227553671011,-0.003335568525739222
0.0,0.0,0.0,0.0,0.0,0.0,-0.0027423873817542955,0.0,-0.004419300645635497,-0.0034887469219116066
0.0,0.0,0.0,0.0,0.0,0.0,-0.00286686165964493,0.0,-0.004650187920882549,-0.003660653209183742
0.0,0.0,0.0,0.0,0.0,0.0,-0.0029994558312039766,0.0,-0.0048974558700966234,-0.0038542493580397976
0.0,0.0,0.0,0.0,0.0,0.0,-0.003141650459770096,0.0,-0.00516537008882626,-0.004072050775760352
0.0,0.0,0.0,0.0,0.0,0.0,-0.0032948904199184767,0.0,-0.005458752671978827,-0.004315962526764184
0.0,0.0,0.0,0.0,0.0,0.0,-0.003460489219757607,0.0,-0.005782779793312352,-0.004587136211612273
0.0,0.0,0.0,0.0,0.0,0.0,-0.003639535053479366,0.0,-0.006142725985798334,-0.004885855462737345
0.0,0.0,0.0,0.0,0.0,0.0,-0.0038328045342179563,0.0,-0.00654366568317483,-0.005211456457044395
0.0,0.0,0.0,0.0,0.0,0.0,-0.004040689522133546,0.0,-0.006990146164033855,-0.005562287902827121
0.0,0.0,0.0,0.0,0.0,0.0,-0.00426314155195631,0.0,-0.007485848883111905,-0.005935712768102374
0.0,0.0,0.0,0.0,0.0,0.0,-0.004499637155398304,0.0,-0.008033258049666822,-0.006328151731551816
0.0,0.0,0.0,0.0,0.0,0.0,-0.004749165965628445,0.0,-0.008633356052257476,-0.0067351661104509495
0.0,0.0,0.0,0.0,0.0,0.0,-0.0050102419948016026,0.0,-0.009285364842102198,-0.007151575997192653
0.0,0.0,0.0,0.0,0.0,0.0,-0.005280937005902501,0.0,-0.009986550667958989,-0.007571607641521143
0.0,0.0,0.0,0.0,0.0,0.0,-0.005558933564912677,0.0,-0.010732106685627697,-0.00798906284408197
0.0,0.0,0.0,0.0,0.0,0.0,-0.005841594251442369,0.0,-0.011515124108242401,-0.008397502337561041
0.0,0.0,0.0,0.0,0.0,0.0,-0.006126042696327751,0.0,-0.012326657953629461,-0.008790434845657145
0.0,0.0,0.0,0.0,0.0,0.0,-0.006409251647211057,0.0,-0.013155888370114383,-0.009161503711107317
0.0,0.0,0.0,0.0,0.0,0.0,-0.006688133152531048,0.0,-0.013990373303122486,-0.009504663622158497
0.0,0.0,0.0,0.0,0.0,0.0,-0.006959626186543453,0.0,-0.014816383232295087,-0.00981434096532524
0.0,0.0,0.0,0.0,0.0,0.0,-0.007220777572718879,0.0,-0.015619304179155205,-0.010085572595190419
0.0,0.0,0.0,0.0,0.0,0.0,-0.007468812838676146,0.0,-0.016384091438822627,-0.010314119233960011
0.0,0.0,0.0,0.0,0.0,0.0,-0.007701194576368489,0.0,-0.01709575375063957,-0.0104965511885365
0.0,0.0,0.0,0.0,0.0,0.0,-0.00013483877546882237,0.0,1.000830701579857e-05,-0.0009077372280373345
0.0,0.0,0.0,0.0,0.0,0.0,-0.0001439122123074849,0.0,-6.525412014652494e-06,-0.0009326107122223762
0.0,0.0,0.0,0.0,0.0,0.0,-0.00015968012559873426,0.0,-2.6213693906534637e-05,-0.0009573642787433364
0.0,0.0,0.0,0.0,0.0,0.0,-0.00018040918710463026,0.0,-4.8188984263314956e-05,-0.0009818999685697097
0.0,0.0,0.0,0.0,0.0,0.0,-0.00020438132579227554,0.0,-7.161443027820305e-05,-0.0010062063141882535
0.0,0.0,0.0,0.0,0.0,0.0,-0.00022996920801695133,0.0,-9.571785351951087e-05,-0.0010303520449277835
0.0,0.0,0.0,0.0,0.0,0.0,-0.0002557075116079691,0.0,-0.00011982221574135263,-0.001054474949828948
0.0,0.0,0.0,0.0,0.0,0.0,-0.0002803564732788248,0.0,-0.0001433711015415833,-0.0010787665676702284
0.0,0.0,0.0,0.0,0.0,0.0,-0.0003029545528484747,0.0,-0.00016594800472338115,-0.0011034536313605527
0.0,0.0,0.0,0.0,0.0,0.0,-0.00032285760515906366,0.0,-0.00018728853820671083,-0.0011287773933204848
0.0,0.0,0.0,0.0,0.0,0.0,-0.0003397626499976958,0.0,-0.00020728506990125187,-0.00115497208603349
0.0,0.0,0.0,0.0,0.0,0.0,-0.0003537151402056614,0.0,-0.00022598369540470617,-0.0011822438190816015
0.0,0.0,0.0,0.0,0.0,0.0,-0.0003650994994835212,0.0,-0.00024357386740319134,-0.0012107511778564036
0.0,0.0,0.0,0.0,0.0,0.0,-0.0003746135811443789,0.0,-0.0002603713860650683,-0.0012405886728572573
0.0,0.0,0.0,0.0,0.0,0.0,-0.0003832285338766961,0.0,-0.00027679579131941194,-0.0012717740008061464
0.0,0.0,0.0,0.0,0.0,0.0,-0.0003921363004921047,0.0,-0.00029334346703261066,-0.001304239833400572
0.0,0.0,0.0,0.0,0.0,0.0,-0.0004416218630808968,0.0,-0.0003762690454364591,-0.0012368443903725968
0.0,0.0,0.0,0.0,0.0,0.0,-0.00046867489073493295,0.0,-0.0004209747915130393,-0.0012398702930465995
0.0,0.0,0.0,0.0,0.0,0.0,-0.0005018604924353449,0.0,-0.0004695697889001184,-0.0012463943421273307
0.0,0.0,0.0,0.0,0.0,0.0,-0.0005397812930375296,0.0,-0.0005215018067132003,-0.001256377718154289
0.0,0.0,0.0,0.0,0.0,0.0,-0.0005811632067441235,0.0,-0.0005763499808164238,-0.0012697696351510247
0.0,0.0,0.0,0.0,0.0,0.0,-0.000624916886338831,0.0,-0.0006338637056267888,-0.001286523027080308
0.0,0.0,0.0,0.0,0.0,0.0,-0.0006701872498074244,0.0,-0.0006939935194474246,-0.0013066085026426182
0.0,0.0,0.0,0.0,0.0,0.0,-0.000716387978465757,0.0,-0.0007569114082948846,-0.0013300253400111964
0.0,0.0,0.0,0.0,0.0,0.0,-0.0007632188039295657,0.0,-0.0008230184528658624,-0.001356808533335149
0.0,0.0,0.0,0.0,0.0,0.0,-0.0008106645158779745,0.0,-0.0008929384664971548,-0.0013870312413872363
0.0,0.0,0.0,0.0,0.0,0.0,-0.0008589758557315222,0.0,-0.0009674971937402876,-0.0014208023998373408
0.0,0.0,0.0,0.0,0.0,0.0,-0.0009086337268449118,0.0,-0.001047687714090827,-0.0014582597082993952
0.0,0.0,0.0,0.0,0.0,0.0,-0.0009602993560670885,0.0,-0.0011346238582989443,-0.0014995586520347177
0.0,0.0,0.0,0.0,0.0,0.0,-0.001014754090831947,0.0,-0.0012294846131787598,-0.001544858624437027
0.0,0.0,0.0,0.0,0.0,0.0,-0.001072833323972107,0.0,-0.0013334535699232298,-0.0015943075404222153
0.0,0.0,0.0,0.0,0.0,0.0,-0.0011353595336323122,0.0,-0.0014476583593852268,-0.0016480265385600957
0.0,0.0,0.0,0.0,0.0,0.0,-0.0012030795577670818,0.0,-0.0015731156160428933,-0.0017060964364397743
0.0,0.0,0.0,0.0,0.0,0.0,-0.001276610967973157,0.0,-0.0017106872314365173,-0.001768547516684381
0.0,0.0,0.0,0.0,0.0,0.0,-0.001356401771696034,0.0,-0.001861053428512033,-0.001835353981410696
0.0,0.0,0.0,0.0,0.0,0.0,-0.0014427066914832216,0.0,-0.0020247074696865047,-0.0019064340362965745
0.0,0.0,0.0,0.0,0.0,0.0,-0.0015355820100296635,0.0,-0.0022019755983395304,-0.001981656080732806
0.0,0.0,0.0,0.0,0.0,0.0,-0.0016348995199615387,0.0,-0.002393064141176283,-0.0020608509278924776
0.0,0.0,0.0,0.0,0.0,0.0,-0.0017403785855057102,0.0,-0.0025981336453769995,-0.0021438294057303537
0.0,0.0,0.0,0.0,0.0,0.0,-0.0018516338272798207,0.0,-0.0028173976084551917,-0.00223040414806059
0.0,0.0,0.0,0.0,0.0,0.0,-0.0019682346000196907,0.0,-0.003051240934678952,-0.0023204139236490946
0.0,0.0,0.0,0.0,0.0,0.0,-0.0020897713558054205,0.0,-0.0033003509006507533,-0.002413748514212888
0.0,0.0,0.0,0.0,0.0,0.0,-0.002215923263818242,0.0,-0.0035658513292275863,-0.0025103719724247804
0.0,0.0,0.0,0.0,0.0,0.0,-0.0023465211573903584,0.0,-0.00384942904979128,-0.002610342087858173
0.0,0.0,0.0,0.0,0.0,0.0,-0.002481600033698949,0.0,-0.004153440741500497,-0.0027138240659622124
0.0,0.0,0.0,0.0,0.0,0.0,-0.002621435939182801,0.0,-0.004480988059061747,-0.002821096770221639
0.0,0.0,0.0,0.0,0.0,0.0,-0.0027665630971113794,0.0,-0.004835949624339586,-0.002932550363230531
0.0,0.0,0.0,0.0,0.0,0.0,-0.002917768501876277,0.0,-0.005222960068433358,-0.0030486747687656513
0.0,0.0,0.0,0.0,0.0,0.0,-0.003076062818650144,0.0,-0.005647328796485436,-0.0031700390158305343
0.0,0.0,0.0,0.0,0.0,0.0,-0.003242628167857269,0.0,-0.00611489441954005,-0.0032972621649086393
0.0,0.0,0.0,0.0,0.0,0.0,-0.003418745111261886,0.0,-0.006631814684458525,-0.0034309771052219813
0.0,0.0,0.0,0.0,0.0,0.0,-0.0036057027596491553,0.0,-0.007204296005184611,-0.0035717890043294493
0.0,0.0,0.0,0.0,0.0,0.0,-0.003804697270096521,0.0,-0.00783827108229994,-0.0037202305524255018
0.0,0.0,0.0,0.0,0.0,0.0,-0.004016724992158185,0.0,-0.0085390372918843,-0.0038767163504943155
0.0,0.0,0.0,0.0,0.0,0.0,-0.004242477082679498,0.0,-0.009310872223287454,-0.0040414988355893244
0.0,0.0,0.0,0.0,0.0,0.0,-0.004482242497174754,0.0,-0.010156645660792732,-0.004214628023894572
0.0,0.0,0.0,0.0,0.0,0.0,-0.004735825876345626,0.0,-0.01107744918949604,-0.0043959171017094985
0.0,0.0,0.0,0.0,0.0,0.0,-0.0050024860097829015,0.0,-0.012072265275607565,-0.004584915535228669
0.0,0.0,0.0,0.0,0.0,0.0,-0.00528089933840627,0.0,-0.013137697018058116,-0.004780890937800641
0.0,0.0,0.0,0.0,0.0,0.0,-0.005569151443229564,0.0,-0.014267777772492564,-0.004982820466744162
0.0,0.0,0.0,0.0,0.0,0.0,-0.005864757770731607,0.0,-0.015453876583831534,-0.005189392057932379
0.0,0.0,0.0,0.0,0.0,0.0,-0.006164713085265457,0.0,-0.016684710992701458,-0.005399015377406514
0.0,0.0,0.0,0.0,0.0,0.0,-0.006465567438490155,0.0,-0.01794647354722633,-0.005609841999717702
0.0,0.0,0.0,0.0,0.0,0.0,-0.0067635249185204974,0.0,-0.01922307256178618,-0.005819794027602422
0.0,0.0,0.0,0.0,0.0,0.0,-0.00705456018466645,0.0,-0.02049648166796973,-0.006026600152198889
0.0,0.0,0.0,0.0,0.0,0.0,-0.007334546881488521,0.0,-0.021747186867936846,-0.006227838013431011
